"LOCATION","INDICATOR","SUBJECT","MEASURE","FREQUENCY","TIME","Value","Flag Codes"
"AUS","AVWAGE","TOT","USD","A","1991",42309.381475963,
"AUS","AVWAGE","TOT","USD","A","1992",43173.7713335452,
"AUS","AVWAGE","TOT","USD","A","1993",43578.2414216826,
"AUS","AVWAGE","TOT","USD","A","1994",43873.8569453328,
"AUS","AVWAGE","TOT","USD","A","1995",43715,
"AUS","AVWAGE","TOT","USD","A","1996",44976.27559367,
"AUS","AVWAGE","TOT","USD","A","1997",46355.5550944577,
"AUS","AVWAGE","TOT","USD","A","1998",46999.635104298,
"AUS","AVWAGE","TOT","USD","A","1999",48064.8702398545,
"AUS","AVWAGE","TOT","USD","A","2000",48213.0886758407,
"AUS","AVWAGE","TOT","USD","A","2001",48693.3022958347,
"AUS","AVWAGE","TOT","USD","A","2002",49140.6312919188,
"AUS","AVWAGE","TOT","USD","A","2003",49849.375153206,
"AUS","AVWAGE","TOT","USD","A","2004",51414.3183931236,
"AUS","AVWAGE","TOT","USD","A","2005",52013.9397458168,
"AUS","AVWAGE","TOT","USD","A","2006",52368,
"AUS","AVWAGE","TOT","USD","A","2007",53805,
"AUS","AVWAGE","TOT","USD","A","2008",54149,
"AUS","AVWAGE","TOT","USD","A","2009",53644,
"AUS","AVWAGE","TOT","USD","A","2010",55536,
"AUS","AVWAGE","TOT","USD","A","2011",57361,
"AUS","AVWAGE","TOT","USD","A","2012",57752,
"AUS","AVWAGE","TOT","USD","A","2013",57579,
"AUS","AVWAGE","TOT","USD","A","2014",58102,
"AUS","AVWAGE","TOT","USD","A","2015",57744,
"AUS","AVWAGE","TOT","USD","A","2016",57885,
"AUS","AVWAGE","TOT","USD","A","2017",57619,
"AUS","AVWAGE","TOT","USD","A","2018",57843,
"AUS","AVWAGE","TOT","USD","A","2019",58620,
"AUS","AVWAGE","TOT","USD","A","2020",60377,
"AUS","AVWAGE","TOT","USD","A","2021",60681.4985470798,
"AUS","AVWAGE","TOT","USD","A","2022",59407.8899794982,
"AUT","AVWAGE","TOT","USD","A","1991",52697.396613846,
"AUT","AVWAGE","TOT","USD","A","1992",53759.0566496298,
"AUT","AVWAGE","TOT","USD","A","1993",54197.3697073466,
"AUT","AVWAGE","TOT","USD","A","1994",54743.42405879,
"AUT","AVWAGE","TOT","USD","A","1995",55184,
"AUT","AVWAGE","TOT","USD","A","1996",54819.6165178154,
"AUT","AVWAGE","TOT","USD","A","1997",54346.9450542579,
"AUT","AVWAGE","TOT","USD","A","1998",56101.1425172093,
"AUT","AVWAGE","TOT","USD","A","1999",57354.8995810643,
"AUT","AVWAGE","TOT","USD","A","2000",57529.017471462,
"AUT","AVWAGE","TOT","USD","A","2001",57344.6595639472,
"AUT","AVWAGE","TOT","USD","A","2002",58229.1677845208,
"AUT","AVWAGE","TOT","USD","A","2003",58368.8732080416,
"AUT","AVWAGE","TOT","USD","A","2004",59473.2547857365,
"AUT","AVWAGE","TOT","USD","A","2005",59801.3699326072,
"AUT","AVWAGE","TOT","USD","A","2006",60698,
"AUT","AVWAGE","TOT","USD","A","2007",61047,
"AUT","AVWAGE","TOT","USD","A","2008",62081,
"AUT","AVWAGE","TOT","USD","A","2009",63135,
"AUT","AVWAGE","TOT","USD","A","2010",62831,
"AUT","AVWAGE","TOT","USD","A","2011",62159,
"AUT","AVWAGE","TOT","USD","A","2012",62515,
"AUT","AVWAGE","TOT","USD","A","2013",62568,
"AUT","AVWAGE","TOT","USD","A","2014",62801,
"AUT","AVWAGE","TOT","USD","A","2015",63231,
"AUT","AVWAGE","TOT","USD","A","2016",63860,
"AUT","AVWAGE","TOT","USD","A","2017",63856,
"AUT","AVWAGE","TOT","USD","A","2018",64101,
"AUT","AVWAGE","TOT","USD","A","2019",64623,
"AUT","AVWAGE","TOT","USD","A","2020",64648,
"AUT","AVWAGE","TOT","USD","A","2021",65402.3162965476,
"AUT","AVWAGE","TOT","USD","A","2022",63801.6204977341,
"BEL","AVWAGE","TOT","USD","A","1991",53018.6391581166,
"BEL","AVWAGE","TOT","USD","A","1992",54718.7288916038,
"BEL","AVWAGE","TOT","USD","A","1993",55868.8318085494,
"BEL","AVWAGE","TOT","USD","A","1994",56952.7771137702,
"BEL","AVWAGE","TOT","USD","A","1995",56759,
"BEL","AVWAGE","TOT","USD","A","1996",57470.5568655042,
"BEL","AVWAGE","TOT","USD","A","1997",58203.3751399722,
"BEL","AVWAGE","TOT","USD","A","1998",58238.2834007068,
"BEL","AVWAGE","TOT","USD","A","1999",61484.4122133103,
"BEL","AVWAGE","TOT","USD","A","2000",60929.1405210416,
"BEL","AVWAGE","TOT","USD","A","2001",61114.8303582574,
"BEL","AVWAGE","TOT","USD","A","2002",62692.5857677577,
"BEL","AVWAGE","TOT","USD","A","2003",63066.2951835172,
"BEL","AVWAGE","TOT","USD","A","2004",62735.500110825,
"BEL","AVWAGE","TOT","USD","A","2005",62139.9483473314,
"BEL","AVWAGE","TOT","USD","A","2006",62562,
"BEL","AVWAGE","TOT","USD","A","2007",62446,
"BEL","AVWAGE","TOT","USD","A","2008",62715,
"BEL","AVWAGE","TOT","USD","A","2009",63590,
"BEL","AVWAGE","TOT","USD","A","2010",63295,
"BEL","AVWAGE","TOT","USD","A","2011",63944,
"BEL","AVWAGE","TOT","USD","A","2012",64461,
"BEL","AVWAGE","TOT","USD","A","2013",65099,
"BEL","AVWAGE","TOT","USD","A","2014",65461,
"BEL","AVWAGE","TOT","USD","A","2015",65017,
"BEL","AVWAGE","TOT","USD","A","2016",65157,
"BEL","AVWAGE","TOT","USD","A","2017",64700,
"BEL","AVWAGE","TOT","USD","A","2018",65083,
"BEL","AVWAGE","TOT","USD","A","2019",65700,
"BEL","AVWAGE","TOT","USD","A","2020",63677,
"BEL","AVWAGE","TOT","USD","A","2021",65520.8213051768,
"BEL","AVWAGE","TOT","USD","A","2022",64847.6238808182,
"CAN","AVWAGE","TOT","USD","A","1991",42426.3028473057,
"CAN","AVWAGE","TOT","USD","A","1992",43045.9007668797,
"CAN","AVWAGE","TOT","USD","A","1993",42952.7188935605,
"CAN","AVWAGE","TOT","USD","A","1994",42464.1758383079,
"CAN","AVWAGE","TOT","USD","A","1995",42369,
"CAN","AVWAGE","TOT","USD","A","1996",42745.0912504135,
"CAN","AVWAGE","TOT","USD","A","1997",44053.7666057661,
"CAN","AVWAGE","TOT","USD","A","1998",44793.2060093325,
"CAN","AVWAGE","TOT","USD","A","1999",45157.2301888622,
"CAN","AVWAGE","TOT","USD","A","2000",46526.3392846538,
"CAN","AVWAGE","TOT","USD","A","2001",46335.1849867502,
"CAN","AVWAGE","TOT","USD","A","2002",45961.5604238959,
"CAN","AVWAGE","TOT","USD","A","2003",45975.7501748327,
"CAN","AVWAGE","TOT","USD","A","2004",46969.1181742113,
"CAN","AVWAGE","TOT","USD","A","2005",48325.7446445807,
"CAN","AVWAGE","TOT","USD","A","2006",49797,
"CAN","AVWAGE","TOT","USD","A","2007",51127,
"CAN","AVWAGE","TOT","USD","A","2008",52025,
"CAN","AVWAGE","TOT","USD","A","2009",52363,
"CAN","AVWAGE","TOT","USD","A","2010",52457,
"CAN","AVWAGE","TOT","USD","A","2011",53088,
"CAN","AVWAGE","TOT","USD","A","2012",53717,
"CAN","AVWAGE","TOT","USD","A","2013",54286,
"CAN","AVWAGE","TOT","USD","A","2014",54995,
"CAN","AVWAGE","TOT","USD","A","2015",55400,
"CAN","AVWAGE","TOT","USD","A","2016",54350,
"CAN","AVWAGE","TOT","USD","A","2017",55122,
"CAN","AVWAGE","TOT","USD","A","2018",56083,
"CAN","AVWAGE","TOT","USD","A","2019",56370,
"CAN","AVWAGE","TOT","USD","A","2020",59160,
"CAN","AVWAGE","TOT","USD","A","2021",59568.7827892649,
"CAN","AVWAGE","TOT","USD","A","2022",59050.4072819159,
"CZE","AVWAGE","TOT","USD","A","1995",16612,
"CZE","AVWAGE","TOT","USD","A","1996",18320.9899572178,
"CZE","AVWAGE","TOT","USD","A","1997",18606.9390451609,
"CZE","AVWAGE","TOT","USD","A","1998",18603.8261309658,
"CZE","AVWAGE","TOT","USD","A","1999",19344.549319197,
"CZE","AVWAGE","TOT","USD","A","2000",20070.4824207018,
"CZE","AVWAGE","TOT","USD","A","2001",21105.6074778514,
"CZE","AVWAGE","TOT","USD","A","2002",22382.4226367986,
"CZE","AVWAGE","TOT","USD","A","2003",24089.0418754447,
"CZE","AVWAGE","TOT","USD","A","2004",25174.1038662057,
"CZE","AVWAGE","TOT","USD","A","2005",25914.0680590434,
"CZE","AVWAGE","TOT","USD","A","2006",26952,
"CZE","AVWAGE","TOT","USD","A","2007",27757,
"CZE","AVWAGE","TOT","USD","A","2008",27906,
"CZE","AVWAGE","TOT","USD","A","2009",27793,
"CZE","AVWAGE","TOT","USD","A","2010",28648,
"CZE","AVWAGE","TOT","USD","A","2011",28882,
"CZE","AVWAGE","TOT","USD","A","2012",28934,
"CZE","AVWAGE","TOT","USD","A","2013",28754,
"CZE","AVWAGE","TOT","USD","A","2014",29360,
"CZE","AVWAGE","TOT","USD","A","2015",30224,
"CZE","AVWAGE","TOT","USD","A","2016",31291,
"CZE","AVWAGE","TOT","USD","A","2017",32891,
"CZE","AVWAGE","TOT","USD","A","2018",34633,
"CZE","AVWAGE","TOT","USD","A","2019",36071,
"CZE","AVWAGE","TOT","USD","A","2020",35552,
"CZE","AVWAGE","TOT","USD","A","2021",36269.7079920766,
"CZE","AVWAGE","TOT","USD","A","2022",33475.5197359288,
"DNK","AVWAGE","TOT","USD","A","1991",47454.3120941348,
"DNK","AVWAGE","TOT","USD","A","1992",49053.2603836945,
"DNK","AVWAGE","TOT","USD","A","1993",49596.1068321572,
"DNK","AVWAGE","TOT","USD","A","1994",47871.6287216169,
"DNK","AVWAGE","TOT","USD","A","1995",48894,
"DNK","AVWAGE","TOT","USD","A","1996",49781.4447609201,
"DNK","AVWAGE","TOT","USD","A","1997",50577.4470700282,
"DNK","AVWAGE","TOT","USD","A","1998",51462.3353698433,
"DNK","AVWAGE","TOT","USD","A","1999",52066.9546693479,
"DNK","AVWAGE","TOT","USD","A","2000",52018.8800522512,
"DNK","AVWAGE","TOT","USD","A","2001",52328.6718586274,
"DNK","AVWAGE","TOT","USD","A","2002",53520.3282100163,
"DNK","AVWAGE","TOT","USD","A","2003",54841.2509195781,
"DNK","AVWAGE","TOT","USD","A","2004",56061.8068734798,
"DNK","AVWAGE","TOT","USD","A","2005",57030.2441996056,
"DNK","AVWAGE","TOT","USD","A","2006",57991,
"DNK","AVWAGE","TOT","USD","A","2007",58638,
"DNK","AVWAGE","TOT","USD","A","2008",59414,
"DNK","AVWAGE","TOT","USD","A","2009",60853,
"DNK","AVWAGE","TOT","USD","A","2010",61537,
"DNK","AVWAGE","TOT","USD","A","2011",61213,
"DNK","AVWAGE","TOT","USD","A","2012",61121,
"DNK","AVWAGE","TOT","USD","A","2013",61548,
"DNK","AVWAGE","TOT","USD","A","2014",62723,
"DNK","AVWAGE","TOT","USD","A","2015",63828,
"DNK","AVWAGE","TOT","USD","A","2016",63894,
"DNK","AVWAGE","TOT","USD","A","2017",64281,
"DNK","AVWAGE","TOT","USD","A","2018",64765,
"DNK","AVWAGE","TOT","USD","A","2019",65222,
"DNK","AVWAGE","TOT","USD","A","2020",66203,
"DNK","AVWAGE","TOT","USD","A","2021",66503.047789185,
"DNK","AVWAGE","TOT","USD","A","2022",64126.6516163185,
"FIN","AVWAGE","TOT","USD","A","1991",39306.7189611565,
"FIN","AVWAGE","TOT","USD","A","1992",38712.9528316483,
"FIN","AVWAGE","TOT","USD","A","1993",37357.3276241361,
"FIN","AVWAGE","TOT","USD","A","1994",37886.7819975668,
"FIN","AVWAGE","TOT","USD","A","1995",39377,
"FIN","AVWAGE","TOT","USD","A","1996",40279.3766434974,
"FIN","AVWAGE","TOT","USD","A","1997",40313.6913531232,
"FIN","AVWAGE","TOT","USD","A","1998",41377.9275913195,
"FIN","AVWAGE","TOT","USD","A","1999",42345.8186344546,
"FIN","AVWAGE","TOT","USD","A","2000",43072.8440388183,
"FIN","AVWAGE","TOT","USD","A","2001",43299.4123909012,
"FIN","AVWAGE","TOT","USD","A","2002",43532.0304782391,
"FIN","AVWAGE","TOT","USD","A","2003",44359.3512487637,
"FIN","AVWAGE","TOT","USD","A","2004",45807.9321965031,
"FIN","AVWAGE","TOT","USD","A","2005",46788.1461799057,
"FIN","AVWAGE","TOT","USD","A","2006",47757,
"FIN","AVWAGE","TOT","USD","A","2007",48395,
"FIN","AVWAGE","TOT","USD","A","2008",48809,
"FIN","AVWAGE","TOT","USD","A","2009",49229,
"FIN","AVWAGE","TOT","USD","A","2010",49911,
"FIN","AVWAGE","TOT","USD","A","2011",49925,
"FIN","AVWAGE","TOT","USD","A","2012",49965,
"FIN","AVWAGE","TOT","USD","A","2013",49465,
"FIN","AVWAGE","TOT","USD","A","2014",49449,
"FIN","AVWAGE","TOT","USD","A","2015",49836,
"FIN","AVWAGE","TOT","USD","A","2016",50274,
"FIN","AVWAGE","TOT","USD","A","2017",49985,
"FIN","AVWAGE","TOT","USD","A","2018",50354,
"FIN","AVWAGE","TOT","USD","A","2019",50873,
"FIN","AVWAGE","TOT","USD","A","2020",51092,
"FIN","AVWAGE","TOT","USD","A","2021",52785.319629001,
"FIN","AVWAGE","TOT","USD","A","2022",51835.873940956,
"FRA","AVWAGE","TOT","USD","A","1991",39638.5866732702,
"FRA","AVWAGE","TOT","USD","A","1992",40082.3511245436,
"FRA","AVWAGE","TOT","USD","A","1993",40543.7861592061,
"FRA","AVWAGE","TOT","USD","A","1994",40713.4688176485,
"FRA","AVWAGE","TOT","USD","A","1995",41318,
"FRA","AVWAGE","TOT","USD","A","1996",41440.2926728736,
"FRA","AVWAGE","TOT","USD","A","1997",41903.0054017408,
"FRA","AVWAGE","TOT","USD","A","1998",42550.4547074187,
"FRA","AVWAGE","TOT","USD","A","1999",43487.3872731446,
"FRA","AVWAGE","TOT","USD","A","2000",43694.3469153401,
"FRA","AVWAGE","TOT","USD","A","2001",43969.0308917905,
"FRA","AVWAGE","TOT","USD","A","2002",45155.6725802975,
"FRA","AVWAGE","TOT","USD","A","2003",45524.2259611956,
"FRA","AVWAGE","TOT","USD","A","2004",46266.4567927184,
"FRA","AVWAGE","TOT","USD","A","2005",46823.7930957185,
"FRA","AVWAGE","TOT","USD","A","2006",47347,
"FRA","AVWAGE","TOT","USD","A","2007",47520,
"FRA","AVWAGE","TOT","USD","A","2008",47429,
"FRA","AVWAGE","TOT","USD","A","2009",48938,
"FRA","AVWAGE","TOT","USD","A","2010",49926,
"FRA","AVWAGE","TOT","USD","A","2011",49836,
"FRA","AVWAGE","TOT","USD","A","2012",50159,
"FRA","AVWAGE","TOT","USD","A","2013",50581,
"FRA","AVWAGE","TOT","USD","A","2014",50929,
"FRA","AVWAGE","TOT","USD","A","2015",51415,
"FRA","AVWAGE","TOT","USD","A","2016",52010,
"FRA","AVWAGE","TOT","USD","A","2017",52732,
"FRA","AVWAGE","TOT","USD","A","2018",52664,
"FRA","AVWAGE","TOT","USD","A","2019",53172,
"FRA","AVWAGE","TOT","USD","A","2020",50550,
"FRA","AVWAGE","TOT","USD","A","2021",52542.1889164276,
"FRA","AVWAGE","TOT","USD","A","2022",52763.5938000769,
"DEU","AVWAGE","TOT","USD","A","1991",45193.2565126118,
"DEU","AVWAGE","TOT","USD","A","1992",47965.9727828687,
"DEU","AVWAGE","TOT","USD","A","1993",48281.8621513076,
"DEU","AVWAGE","TOT","USD","A","1994",48388.1191166808,
"DEU","AVWAGE","TOT","USD","A","1995",49414,
"DEU","AVWAGE","TOT","USD","A","1996",49981.5714478053,
"DEU","AVWAGE","TOT","USD","A","1997",49770.3659795712,
"DEU","AVWAGE","TOT","USD","A","1998",50379.9693201234,
"DEU","AVWAGE","TOT","USD","A","1999",51050.1047921484,
"DEU","AVWAGE","TOT","USD","A","2000",51344.1011892339,
"DEU","AVWAGE","TOT","USD","A","2001",51718.7971800958,
"DEU","AVWAGE","TOT","USD","A","2002",52022.6832334872,
"DEU","AVWAGE","TOT","USD","A","2003",52195.6100297449,
"DEU","AVWAGE","TOT","USD","A","2004",52188.8590123583,
"DEU","AVWAGE","TOT","USD","A","2005",52377.6526690875,
"DEU","AVWAGE","TOT","USD","A","2006",52367,
"DEU","AVWAGE","TOT","USD","A","2007",52208,
"DEU","AVWAGE","TOT","USD","A","2008",52442,
"DEU","AVWAGE","TOT","USD","A","2009",52453,
"DEU","AVWAGE","TOT","USD","A","2010",52912,
"DEU","AVWAGE","TOT","USD","A","2011",53980,
"DEU","AVWAGE","TOT","USD","A","2012",54699,
"DEU","AVWAGE","TOT","USD","A","2013",55215,
"DEU","AVWAGE","TOT","USD","A","2014",56141,
"DEU","AVWAGE","TOT","USD","A","2015",57431,
"DEU","AVWAGE","TOT","USD","A","2016",58311,
"DEU","AVWAGE","TOT","USD","A","2017",58924,
"DEU","AVWAGE","TOT","USD","A","2018",59750,
"DEU","AVWAGE","TOT","USD","A","2019",60732,
"DEU","AVWAGE","TOT","USD","A","2020",60309,
"DEU","AVWAGE","TOT","USD","A","2021",60291.2417705174,
"DEU","AVWAGE","TOT","USD","A","2022",58940.3277991669,
"GRC","AVWAGE","TOT","USD","A","1995",22800,
"GRC","AVWAGE","TOT","USD","A","1996",23037.0019385448,
"GRC","AVWAGE","TOT","USD","A","1997",25629.7454984439,
"GRC","AVWAGE","TOT","USD","A","1998",27749.3980110295,
"GRC","AVWAGE","TOT","USD","A","1999",28192.9225857666,
"GRC","AVWAGE","TOT","USD","A","2000",29797.165441595,
"GRC","AVWAGE","TOT","USD","A","2001",30798.6954470997,
"GRC","AVWAGE","TOT","USD","A","2002",33599.2385504155,
"GRC","AVWAGE","TOT","USD","A","2003",35079.2461712387,
"GRC","AVWAGE","TOT","USD","A","2004",35722.5698006753,
"GRC","AVWAGE","TOT","USD","A","2005",35603.3185012696,
"GRC","AVWAGE","TOT","USD","A","2006",36027,
"GRC","AVWAGE","TOT","USD","A","2007",36033,
"GRC","AVWAGE","TOT","USD","A","2008",35476,
"GRC","AVWAGE","TOT","USD","A","2009",37151,
"GRC","AVWAGE","TOT","USD","A","2010",35454,
"GRC","AVWAGE","TOT","USD","A","2011",33205,
"GRC","AVWAGE","TOT","USD","A","2012",31272,
"GRC","AVWAGE","TOT","USD","A","2013",29229,
"GRC","AVWAGE","TOT","USD","A","2014",29108,
"GRC","AVWAGE","TOT","USD","A","2015",29394,
"GRC","AVWAGE","TOT","USD","A","2016",28720,
"GRC","AVWAGE","TOT","USD","A","2017",28903,
"GRC","AVWAGE","TOT","USD","A","2018",27569,
"GRC","AVWAGE","TOT","USD","A","2019",27615,
"GRC","AVWAGE","TOT","USD","A","2020",27747,
"GRC","AVWAGE","TOT","USD","A","2021",27659.571732801,
"GRC","AVWAGE","TOT","USD","A","2022",25978.9792401445,
"HUN","AVWAGE","TOT","USD","A","1995",16319,
"HUN","AVWAGE","TOT","USD","A","1996",16325.1487138736,
"HUN","AVWAGE","TOT","USD","A","1997",16727.9991823116,
"HUN","AVWAGE","TOT","USD","A","1998",17103.6877120513,
"HUN","AVWAGE","TOT","USD","A","1999",17177.9527606513,
"HUN","AVWAGE","TOT","USD","A","2000",17968.8940022678,
"HUN","AVWAGE","TOT","USD","A","2001",19334.7387452338,
"HUN","AVWAGE","TOT","USD","A","2002",20301.1433924115,
"HUN","AVWAGE","TOT","USD","A","2003",21926.5131820765,
"HUN","AVWAGE","TOT","USD","A","2004",23457.6542846171,
"HUN","AVWAGE","TOT","USD","A","2005",24491.9448218096,
"HUN","AVWAGE","TOT","USD","A","2006",24969,
"HUN","AVWAGE","TOT","USD","A","2007",24783,
"HUN","AVWAGE","TOT","USD","A","2008",25128,
"HUN","AVWAGE","TOT","USD","A","2009",23692,
"HUN","AVWAGE","TOT","USD","A","2010",24005,
"HUN","AVWAGE","TOT","USD","A","2011",24316,
"HUN","AVWAGE","TOT","USD","A","2012",23506,
"HUN","AVWAGE","TOT","USD","A","2013",23266,
"HUN","AVWAGE","TOT","USD","A","2014",22961,
"HUN","AVWAGE","TOT","USD","A","2015",23140,
"HUN","AVWAGE","TOT","USD","A","2016",23349,
"HUN","AVWAGE","TOT","USD","A","2017",25038,
"HUN","AVWAGE","TOT","USD","A","2018",26265,
"HUN","AVWAGE","TOT","USD","A","2019",27140,
"HUN","AVWAGE","TOT","USD","A","2020",27588,
"HUN","AVWAGE","TOT","USD","A","2021",28462.42341444,
"HUN","AVWAGE","TOT","USD","A","2022",28474.6432386423,
"IRL","AVWAGE","TOT","USD","A","1991",30033.0971486061,
"IRL","AVWAGE","TOT","USD","A","1992",31284.5119214055,
"IRL","AVWAGE","TOT","USD","A","1993",32833.1074144844,
"IRL","AVWAGE","TOT","USD","A","1994",33047.4279704061,
"IRL","AVWAGE","TOT","USD","A","1995",33634,
"IRL","AVWAGE","TOT","USD","A","1996",34125.7156399135,
"IRL","AVWAGE","TOT","USD","A","1997",36047.5490927048,
"IRL","AVWAGE","TOT","USD","A","1998",36168.1761562976,
"IRL","AVWAGE","TOT","USD","A","1999",36975.7921315167,
"IRL","AVWAGE","TOT","USD","A","2000",37873.9303720957,
"IRL","AVWAGE","TOT","USD","A","2001",39371.6694404916,
"IRL","AVWAGE","TOT","USD","A","2002",39798.9182326962,
"IRL","AVWAGE","TOT","USD","A","2003",41094.8694450715,
"IRL","AVWAGE","TOT","USD","A","2004",42554.2963138954,
"IRL","AVWAGE","TOT","USD","A","2005",44330.0256538471,
"IRL","AVWAGE","TOT","USD","A","2006",44703,
"IRL","AVWAGE","TOT","USD","A","2007",45969,
"IRL","AVWAGE","TOT","USD","A","2008",48089,
"IRL","AVWAGE","TOT","USD","A","2009",52639,
"IRL","AVWAGE","TOT","USD","A","2010",52793,
"IRL","AVWAGE","TOT","USD","A","2011",52035,
"IRL","AVWAGE","TOT","USD","A","2012",51578,
"IRL","AVWAGE","TOT","USD","A","2013",50323,
"IRL","AVWAGE","TOT","USD","A","2014",50080,
"IRL","AVWAGE","TOT","USD","A","2015",50079,
"IRL","AVWAGE","TOT","USD","A","2016",50593,
"IRL","AVWAGE","TOT","USD","A","2017",51180,
"IRL","AVWAGE","TOT","USD","A","2018",51852,
"IRL","AVWAGE","TOT","USD","A","2019",52648,
"IRL","AVWAGE","TOT","USD","A","2020",53651,
"IRL","AVWAGE","TOT","USD","A","2021",53209.4763980234,
"IRL","AVWAGE","TOT","USD","A","2022",52242.6173957582,
"ITA","AVWAGE","TOT","USD","A","1991",45341.6924839904,
"ITA","AVWAGE","TOT","USD","A","1992",45297.7967314745,
"ITA","AVWAGE","TOT","USD","A","1993",44600.0611347024,
"ITA","AVWAGE","TOT","USD","A","1994",44022.5145584468,
"ITA","AVWAGE","TOT","USD","A","1995",43059,
"ITA","AVWAGE","TOT","USD","A","1996",43400.6986175188,
"ITA","AVWAGE","TOT","USD","A","1997",44646.6967622974,
"ITA","AVWAGE","TOT","USD","A","1998",44793.692430885,
"ITA","AVWAGE","TOT","USD","A","1999",45305.3326437474,
"ITA","AVWAGE","TOT","USD","A","2000",45289.5844590666,
"ITA","AVWAGE","TOT","USD","A","2001",45612.8435475867,
"ITA","AVWAGE","TOT","USD","A","2002",45290.1008837137,
"ITA","AVWAGE","TOT","USD","A","2003",45168.0093629472,
"ITA","AVWAGE","TOT","USD","A","2004",46032.2578746232,
"ITA","AVWAGE","TOT","USD","A","2005",46654.2474791671,
"ITA","AVWAGE","TOT","USD","A","2006",46947,
"ITA","AVWAGE","TOT","USD","A","2007",46928,
"ITA","AVWAGE","TOT","USD","A","2008",46864,
"ITA","AVWAGE","TOT","USD","A","2009",47224,
"ITA","AVWAGE","TOT","USD","A","2010",47629,
"ITA","AVWAGE","TOT","USD","A","2011",46866,
"ITA","AVWAGE","TOT","USD","A","2012",45379,
"ITA","AVWAGE","TOT","USD","A","2013",45527,
"ITA","AVWAGE","TOT","USD","A","2014",45704,
"ITA","AVWAGE","TOT","USD","A","2015",46103,
"ITA","AVWAGE","TOT","USD","A","2016",46469,
"ITA","AVWAGE","TOT","USD","A","2017",46169,
"ITA","AVWAGE","TOT","USD","A","2018",46230,
"ITA","AVWAGE","TOT","USD","A","2019",46460,
"ITA","AVWAGE","TOT","USD","A","2020",44246,
"ITA","AVWAGE","TOT","USD","A","2021",45960.645620873,
"ITA","AVWAGE","TOT","USD","A","2022",44893.3346677501,
"JPN","AVWAGE","TOT","USD","A","1991",40378.5591062939,
"JPN","AVWAGE","TOT","USD","A","1992",40433.7594484523,
"JPN","AVWAGE","TOT","USD","A","1993",40123.2122651484,
"JPN","AVWAGE","TOT","USD","A","1994",40523.1594031178,
"JPN","AVWAGE","TOT","USD","A","1995",41013,
"JPN","AVWAGE","TOT","USD","A","1996",41183.8992482469,
"JPN","AVWAGE","TOT","USD","A","1997",41509.9979165693,
"JPN","AVWAGE","TOT","USD","A","1998",41335.4659899742,
"JPN","AVWAGE","TOT","USD","A","1999",41196.8831719266,
"JPN","AVWAGE","TOT","USD","A","2000",41428.2368740179,
"JPN","AVWAGE","TOT","USD","A","2001",41006.3732375184,
"JPN","AVWAGE","TOT","USD","A","2002",40178.2962356776,
"JPN","AVWAGE","TOT","USD","A","2003",40212.7682948056,
"JPN","AVWAGE","TOT","USD","A","2004",40884.3857812942,
"JPN","AVWAGE","TOT","USD","A","2005",41936.1047645398,
"JPN","AVWAGE","TOT","USD","A","2006",41911,
"JPN","AVWAGE","TOT","USD","A","2007",41799,
"JPN","AVWAGE","TOT","USD","A","2008",41463,
"JPN","AVWAGE","TOT","USD","A","2009",40869,
"JPN","AVWAGE","TOT","USD","A","2010",40999,
"JPN","AVWAGE","TOT","USD","A","2011",41656,
"JPN","AVWAGE","TOT","USD","A","2012",40963,
"JPN","AVWAGE","TOT","USD","A","2013",40995,
"JPN","AVWAGE","TOT","USD","A","2014",40257,
"JPN","AVWAGE","TOT","USD","A","2015",40062,
"JPN","AVWAGE","TOT","USD","A","2016",40609,
"JPN","AVWAGE","TOT","USD","A","2017",40710,
"JPN","AVWAGE","TOT","USD","A","2018",41172,
"JPN","AVWAGE","TOT","USD","A","2019",41699,
"JPN","AVWAGE","TOT","USD","A","2020",41442,
"JPN","AVWAGE","TOT","USD","A","2021",42041.3125511302,
"JPN","AVWAGE","TOT","USD","A","2022",41509.2047666572,
"KOR","AVWAGE","TOT","USD","A","1991",25148.5787241075,
"KOR","AVWAGE","TOT","USD","A","1992",26213.877987793,
"KOR","AVWAGE","TOT","USD","A","1993",27825.8036983954,
"KOR","AVWAGE","TOT","USD","A","1994",28392.0539025617,
"KOR","AVWAGE","TOT","USD","A","1995",31180,
"KOR","AVWAGE","TOT","USD","A","1996",32649.1687560192,
"KOR","AVWAGE","TOT","USD","A","1997",31983.0060153773,
"KOR","AVWAGE","TOT","USD","A","1998",31652.6439210576,
"KOR","AVWAGE","TOT","USD","A","1999",31943.4974549592,
"KOR","AVWAGE","TOT","USD","A","2000",32242.6420334454,
"KOR","AVWAGE","TOT","USD","A","2001",33360.1526445993,
"KOR","AVWAGE","TOT","USD","A","2002",34507.3518367818,
"KOR","AVWAGE","TOT","USD","A","2003",35782.4587315445,
"KOR","AVWAGE","TOT","USD","A","2004",36589.8210425939,
"KOR","AVWAGE","TOT","USD","A","2005",37718.5049302966,
"KOR","AVWAGE","TOT","USD","A","2006",38204,
"KOR","AVWAGE","TOT","USD","A","2007",39031,
"KOR","AVWAGE","TOT","USD","A","2008",38914,
"KOR","AVWAGE","TOT","USD","A","2009",39116,
"KOR","AVWAGE","TOT","USD","A","2010",39730,
"KOR","AVWAGE","TOT","USD","A","2011",40252,
"KOR","AVWAGE","TOT","USD","A","2012",39660,
"KOR","AVWAGE","TOT","USD","A","2013",40661,
"KOR","AVWAGE","TOT","USD","A","2014",40746,
"KOR","AVWAGE","TOT","USD","A","2015",41878,
"KOR","AVWAGE","TOT","USD","A","2016",43106,
"KOR","AVWAGE","TOT","USD","A","2017",44119,
"KOR","AVWAGE","TOT","USD","A","2018",45640,
"KOR","AVWAGE","TOT","USD","A","2019",47207,
"KOR","AVWAGE","TOT","USD","A","2020",48294,
"KOR","AVWAGE","TOT","USD","A","2021",49142.9805200912,
"KOR","AVWAGE","TOT","USD","A","2022",48921.9348572703,
"LUX","AVWAGE","TOT","USD","A","1991",55284.5693574514,
"LUX","AVWAGE","TOT","USD","A","1992",56753.472036191,
"LUX","AVWAGE","TOT","USD","A","1993",57853.1049837761,
"LUX","AVWAGE","TOT","USD","A","1994",58789.5218922642,
"LUX","AVWAGE","TOT","USD","A","1995",58750,
"LUX","AVWAGE","TOT","USD","A","1996",59509.5259578914,
"LUX","AVWAGE","TOT","USD","A","1997",60632.4719436166,
"LUX","AVWAGE","TOT","USD","A","1998",60777.3335076188,
"LUX","AVWAGE","TOT","USD","A","1999",62143.7704043944,
"LUX","AVWAGE","TOT","USD","A","2000",64217.0944540361,
"LUX","AVWAGE","TOT","USD","A","2001",64622.0991823636,
"LUX","AVWAGE","TOT","USD","A","2002",65946.6348498397,
"LUX","AVWAGE","TOT","USD","A","2003",65475.2173019376,
"LUX","AVWAGE","TOT","USD","A","2004",66216.9518308861,
"LUX","AVWAGE","TOT","USD","A","2005",66536.8421094752,
"LUX","AVWAGE","TOT","USD","A","2006",67458,
"LUX","AVWAGE","TOT","USD","A","2007",69283,
"LUX","AVWAGE","TOT","USD","A","2008",68923,
"LUX","AVWAGE","TOT","USD","A","2009",71070,
"LUX","AVWAGE","TOT","USD","A","2010",71085,
"LUX","AVWAGE","TOT","USD","A","2011",71478,
"LUX","AVWAGE","TOT","USD","A","2012",70741,
"LUX","AVWAGE","TOT","USD","A","2013",71601,
"LUX","AVWAGE","TOT","USD","A","2014",72846,
"LUX","AVWAGE","TOT","USD","A","2015",73225,
"LUX","AVWAGE","TOT","USD","A","2016",72999,
"LUX","AVWAGE","TOT","USD","A","2017",73918,
"LUX","AVWAGE","TOT","USD","A","2018",74261,
"LUX","AVWAGE","TOT","USD","A","2019",74399,
"LUX","AVWAGE","TOT","USD","A","2020",74839,
"LUX","AVWAGE","TOT","USD","A","2021",79018.9025259162,
"LUX","AVWAGE","TOT","USD","A","2022",78310.1451192439,
"MEX","AVWAGE","TOT","USD","A","1991",16351.673740265,
"MEX","AVWAGE","TOT","USD","A","1992",17241.4851405663,
"MEX","AVWAGE","TOT","USD","A","1993",17941.1278826843,
"MEX","AVWAGE","TOT","USD","A","1994",18396.5039254632,
"MEX","AVWAGE","TOT","USD","A","1995",15150,
"MEX","AVWAGE","TOT","USD","A","1996",14273.1781911485,
"MEX","AVWAGE","TOT","USD","A","1997",14980.2274332447,
"MEX","AVWAGE","TOT","USD","A","1998",15803.6849250497,
"MEX","AVWAGE","TOT","USD","A","1999",16447.9090113701,
"MEX","AVWAGE","TOT","USD","A","2000",17310.5804071391,
"MEX","AVWAGE","TOT","USD","A","2001",18313.1602105873,
"MEX","AVWAGE","TOT","USD","A","2002",18241.335167832,
"MEX","AVWAGE","TOT","USD","A","2003",18561.5380968302,
"MEX","AVWAGE","TOT","USD","A","2004",18650.0791567088,
"MEX","AVWAGE","TOT","USD","A","2005",18777.9097623886,
"MEX","AVWAGE","TOT","USD","A","2006",18746,
"MEX","AVWAGE","TOT","USD","A","2007",18818,
"MEX","AVWAGE","TOT","USD","A","2008",18656,
"MEX","AVWAGE","TOT","USD","A","2009",18806,
"MEX","AVWAGE","TOT","USD","A","2010",17618,
"MEX","AVWAGE","TOT","USD","A","2011",17777,
"MEX","AVWAGE","TOT","USD","A","2012",17457,
"MEX","AVWAGE","TOT","USD","A","2013",17470,
"MEX","AVWAGE","TOT","USD","A","2014",17503,
"MEX","AVWAGE","TOT","USD","A","2015",17730,
"MEX","AVWAGE","TOT","USD","A","2016",17522,
"MEX","AVWAGE","TOT","USD","A","2017",17475,
"MEX","AVWAGE","TOT","USD","A","2018",17865,
"MEX","AVWAGE","TOT","USD","A","2019",18031,
"MEX","AVWAGE","TOT","USD","A","2020",17467,
"MEX","AVWAGE","TOT","USD","A","2021",17637.0555458369,
"MEX","AVWAGE","TOT","USD","A","2022",16685.3714700068,
"NLD","AVWAGE","TOT","USD","A","1991",58878.8374966705,
"NLD","AVWAGE","TOT","USD","A","1992",59189.3493047817,
"NLD","AVWAGE","TOT","USD","A","1993",60185.8544507792,
"NLD","AVWAGE","TOT","USD","A","1994",60622.7858127489,
"NLD","AVWAGE","TOT","USD","A","1995",59444,
"NLD","AVWAGE","TOT","USD","A","1996",59246.8735841286,
"NLD","AVWAGE","TOT","USD","A","1997",59431.6600769879,
"NLD","AVWAGE","TOT","USD","A","1998",57528.8982346873,
"NLD","AVWAGE","TOT","USD","A","1999",58627.7342232546,
"NLD","AVWAGE","TOT","USD","A","2000",60062.6401102152,
"NLD","AVWAGE","TOT","USD","A","2001",60953.8624528642,
"NLD","AVWAGE","TOT","USD","A","2002",61142.926267129,
"NLD","AVWAGE","TOT","USD","A","2003",61574.3957703317,
"NLD","AVWAGE","TOT","USD","A","2004",62542.9650696612,
"NLD","AVWAGE","TOT","USD","A","2005",62542.6519793531,
"NLD","AVWAGE","TOT","USD","A","2006",62407,
"NLD","AVWAGE","TOT","USD","A","2007",63276,
"NLD","AVWAGE","TOT","USD","A","2008",63660,
"NLD","AVWAGE","TOT","USD","A","2009",66337,
"NLD","AVWAGE","TOT","USD","A","2010",66270,
"NLD","AVWAGE","TOT","USD","A","2011",65977,
"NLD","AVWAGE","TOT","USD","A","2012",66198,
"NLD","AVWAGE","TOT","USD","A","2013",66395,
"NLD","AVWAGE","TOT","USD","A","2014",66039,
"NLD","AVWAGE","TOT","USD","A","2015",66841,
"NLD","AVWAGE","TOT","USD","A","2016",67112,
"NLD","AVWAGE","TOT","USD","A","2017",66634,
"NLD","AVWAGE","TOT","USD","A","2018",65910,
"NLD","AVWAGE","TOT","USD","A","2019",65449,
"NLD","AVWAGE","TOT","USD","A","2020",67163,
"NLD","AVWAGE","TOT","USD","A","2021",66221.4846031508,
"NLD","AVWAGE","TOT","USD","A","2022",63224.9895974904,
"NOR","AVWAGE","TOT","USD","A","1991",30454.4949733182,
"NOR","AVWAGE","TOT","USD","A","1992",30843.7657454823,
"NOR","AVWAGE","TOT","USD","A","1993",31137.9737224772,
"NOR","AVWAGE","TOT","USD","A","1994",31772.7398540603,
"NOR","AVWAGE","TOT","USD","A","1995",32069,
"NOR","AVWAGE","TOT","USD","A","1996",33026.3921208112,
"NOR","AVWAGE","TOT","USD","A","1997",33755.7572398348,
"NOR","AVWAGE","TOT","USD","A","1998",34997.5179060068,
"NOR","AVWAGE","TOT","USD","A","1999",36126.3901297276,
"NOR","AVWAGE","TOT","USD","A","2000",36444.1966293975,
"NOR","AVWAGE","TOT","USD","A","2001",37463.2667268409,
"NOR","AVWAGE","TOT","USD","A","2002",38854.5026901913,
"NOR","AVWAGE","TOT","USD","A","2003",39367.2645052495,
"NOR","AVWAGE","TOT","USD","A","2004",40693.2868000603,
"NOR","AVWAGE","TOT","USD","A","2005",41868.8541947332,
"NOR","AVWAGE","TOT","USD","A","2006",43540,
"NOR","AVWAGE","TOT","USD","A","2007",45473,
"NOR","AVWAGE","TOT","USD","A","2008",46429,
"NOR","AVWAGE","TOT","USD","A","2009",46915,
"NOR","AVWAGE","TOT","USD","A","2010",47531,
"NOR","AVWAGE","TOT","USD","A","2011",49201,
"NOR","AVWAGE","TOT","USD","A","2012",50542,
"NOR","AVWAGE","TOT","USD","A","2013",51576,
"NOR","AVWAGE","TOT","USD","A","2014",51809,
"NOR","AVWAGE","TOT","USD","A","2015",52068,
"NOR","AVWAGE","TOT","USD","A","2016",51226,
"NOR","AVWAGE","TOT","USD","A","2017",51096,
"NOR","AVWAGE","TOT","USD","A","2018",51340,
"NOR","AVWAGE","TOT","USD","A","2019",52273,
"NOR","AVWAGE","TOT","USD","A","2020",52415,
"NOR","AVWAGE","TOT","USD","A","2021",53813.2071587588,
"NOR","AVWAGE","TOT","USD","A","2022",53755.9403720413,
"POL","AVWAGE","TOT","USD","A","1995",18619,
"POL","AVWAGE","TOT","USD","A","1996",20106.3327638048,
"POL","AVWAGE","TOT","USD","A","1997",21137.096347856,
"POL","AVWAGE","TOT","USD","A","1998",21767.8813004271,
"POL","AVWAGE","TOT","USD","A","1999",23660.2996667734,
"POL","AVWAGE","TOT","USD","A","2000",23769.6120023227,
"POL","AVWAGE","TOT","USD","A","2001",25120.0418164168,
"POL","AVWAGE","TOT","USD","A","2002",25032.1084833531,
"POL","AVWAGE","TOT","USD","A","2003",25339.5485033509,
"POL","AVWAGE","TOT","USD","A","2004",24784.9419359353,
"POL","AVWAGE","TOT","USD","A","2005",24682.3802777959,
"POL","AVWAGE","TOT","USD","A","2006",24848,
"POL","AVWAGE","TOT","USD","A","2007",25664,
"POL","AVWAGE","TOT","USD","A","2008",27011,
"POL","AVWAGE","TOT","USD","A","2009",26997,
"POL","AVWAGE","TOT","USD","A","2010",28091,
"POL","AVWAGE","TOT","USD","A","2011",28247,
"POL","AVWAGE","TOT","USD","A","2012",27972,
"POL","AVWAGE","TOT","USD","A","2013",28274,
"POL","AVWAGE","TOT","USD","A","2014",28919,
"POL","AVWAGE","TOT","USD","A","2015",29635,
"POL","AVWAGE","TOT","USD","A","2016",31199,
"POL","AVWAGE","TOT","USD","A","2017",32475,
"POL","AVWAGE","TOT","USD","A","2018",34546,
"POL","AVWAGE","TOT","USD","A","2019",36667,
"POL","AVWAGE","TOT","USD","A","2020",37325,
"POL","AVWAGE","TOT","USD","A","2021",37126.6934562862,
"POL","AVWAGE","TOT","USD","A","2022",36896.5592419597,
"PRT","AVWAGE","TOT","USD","A","1995",27425,
"PRT","AVWAGE","TOT","USD","A","1996",28439.8086954218,
"PRT","AVWAGE","TOT","USD","A","1997",29179.2122491863,
"PRT","AVWAGE","TOT","USD","A","1998",29544.2883954391,
"PRT","AVWAGE","TOT","USD","A","1999",30550.5170050681,
"PRT","AVWAGE","TOT","USD","A","2000",30975.0102916494,
"PRT","AVWAGE","TOT","USD","A","2001",31099.3970992402,
"PRT","AVWAGE","TOT","USD","A","2002",31085.9971051497,
"PRT","AVWAGE","TOT","USD","A","2003",31014.3813753775,
"PRT","AVWAGE","TOT","USD","A","2004",31055.5545908429,
"PRT","AVWAGE","TOT","USD","A","2005",30885.7878852021,
"PRT","AVWAGE","TOT","USD","A","2006",30215,
"PRT","AVWAGE","TOT","USD","A","2007",30417,
"PRT","AVWAGE","TOT","USD","A","2008",30315,
"PRT","AVWAGE","TOT","USD","A","2009",31716,
"PRT","AVWAGE","TOT","USD","A","2010",31589,
"PRT","AVWAGE","TOT","USD","A","2011",30820,
"PRT","AVWAGE","TOT","USD","A","2012",29496,
"PRT","AVWAGE","TOT","USD","A","2013",30056,
"PRT","AVWAGE","TOT","USD","A","2014",29538,
"PRT","AVWAGE","TOT","USD","A","2015",29448,
"PRT","AVWAGE","TOT","USD","A","2016",29320,
"PRT","AVWAGE","TOT","USD","A","2017",29433,
"PRT","AVWAGE","TOT","USD","A","2018",29919,
"PRT","AVWAGE","TOT","USD","A","2019",31081,
"PRT","AVWAGE","TOT","USD","A","2020",31300,
"PRT","AVWAGE","TOT","USD","A","2021",32089.3779752031,
"PRT","AVWAGE","TOT","USD","A","2022",31921.6599934728,
"SVK","AVWAGE","TOT","USD","A","1994",11728.8130571289,
"SVK","AVWAGE","TOT","USD","A","1995",12627,
"SVK","AVWAGE","TOT","USD","A","1996",13654.0219746311,
"SVK","AVWAGE","TOT","USD","A","1997",15504.4441366861,
"SVK","AVWAGE","TOT","USD","A","1998",16114.9316180542,
"SVK","AVWAGE","TOT","USD","A","1999",15779.4941628587,
"SVK","AVWAGE","TOT","USD","A","2000",16381.1268031448,
"SVK","AVWAGE","TOT","USD","A","2001",16382.0719690517,
"SVK","AVWAGE","TOT","USD","A","2002",17226.4836409828,
"SVK","AVWAGE","TOT","USD","A","2003",17559.1945221729,
"SVK","AVWAGE","TOT","USD","A","2004",17812.3573685056,
"SVK","AVWAGE","TOT","USD","A","2005",18906.777462061,
"SVK","AVWAGE","TOT","USD","A","2006",19561,
"SVK","AVWAGE","TOT","USD","A","2007",20761,
"SVK","AVWAGE","TOT","USD","A","2008",20974,
"SVK","AVWAGE","TOT","USD","A","2009",21689,
"SVK","AVWAGE","TOT","USD","A","2010",22642,
"SVK","AVWAGE","TOT","USD","A","2011",22443,
"SVK","AVWAGE","TOT","USD","A","2012",22161,
"SVK","AVWAGE","TOT","USD","A","2013",22333,
"SVK","AVWAGE","TOT","USD","A","2014",22781,
"SVK","AVWAGE","TOT","USD","A","2015",23676,
"SVK","AVWAGE","TOT","USD","A","2016",24426,
"SVK","AVWAGE","TOT","USD","A","2017",25151,
"SVK","AVWAGE","TOT","USD","A","2018",25862,
"SVK","AVWAGE","TOT","USD","A","2019",26707,
"SVK","AVWAGE","TOT","USD","A","2020",27052,
"SVK","AVWAGE","TOT","USD","A","2021",27546.5790360663,
"SVK","AVWAGE","TOT","USD","A","2022",26262.8435293797,
"ESP","AVWAGE","TOT","USD","A","1991",41351.5259925209,
"ESP","AVWAGE","TOT","USD","A","1992",42879.6507611101,
"ESP","AVWAGE","TOT","USD","A","1993",43564.6012700928,
"ESP","AVWAGE","TOT","USD","A","1994",44019.5629260045,
"ESP","AVWAGE","TOT","USD","A","1995",43146,
"ESP","AVWAGE","TOT","USD","A","1996",43730.4093326735,
"ESP","AVWAGE","TOT","USD","A","1997",43777.2864232103,
"ESP","AVWAGE","TOT","USD","A","1998",44011.3171352774,
"ESP","AVWAGE","TOT","USD","A","1999",43985.4991712143,
"ESP","AVWAGE","TOT","USD","A","2000",43029.08323482,
"ESP","AVWAGE","TOT","USD","A","2001",42803.9103514026,
"ESP","AVWAGE","TOT","USD","A","2002",43018.4693233152,
"ESP","AVWAGE","TOT","USD","A","2003",42799.7042485881,
"ESP","AVWAGE","TOT","USD","A","2004",42254.9948916658,
"ESP","AVWAGE","TOT","USD","A","2005",42437.1974102839,
"ESP","AVWAGE","TOT","USD","A","2006",42235,
"ESP","AVWAGE","TOT","USD","A","2007",42692,
"ESP","AVWAGE","TOT","USD","A","2008",44201,
"ESP","AVWAGE","TOT","USD","A","2009",46983,
"ESP","AVWAGE","TOT","USD","A","2010",46538,
"ESP","AVWAGE","TOT","USD","A","2011",45707,
"ESP","AVWAGE","TOT","USD","A","2012",44427,
"ESP","AVWAGE","TOT","USD","A","2013",44431,
"ESP","AVWAGE","TOT","USD","A","2014",44294,
"ESP","AVWAGE","TOT","USD","A","2015",44957,
"ESP","AVWAGE","TOT","USD","A","2016",44704,
"ESP","AVWAGE","TOT","USD","A","2017",44123,
"ESP","AVWAGE","TOT","USD","A","2018",43975,
"ESP","AVWAGE","TOT","USD","A","2019",44448,
"ESP","AVWAGE","TOT","USD","A","2020",43828,
"ESP","AVWAGE","TOT","USD","A","2021",44443.8899670243,
"ESP","AVWAGE","TOT","USD","A","2022",42859.3360397206,
"SWE","AVWAGE","TOT","USD","A","1991",30050.7211157699,
"SWE","AVWAGE","TOT","USD","A","1992",30992.3741194999,
"SWE","AVWAGE","TOT","USD","A","1993",30586.2949337537,
"SWE","AVWAGE","TOT","USD","A","1994",31342.3677701236,
"SWE","AVWAGE","TOT","USD","A","1995",31398,
"SWE","AVWAGE","TOT","USD","A","1996",33276.0425053875,
"SWE","AVWAGE","TOT","USD","A","1997",34584.4610832439,
"SWE","AVWAGE","TOT","USD","A","1998",35725.2663852018,
"SWE","AVWAGE","TOT","USD","A","1999",36486.2699919809,
"SWE","AVWAGE","TOT","USD","A","2000",37650.8104279534,
"SWE","AVWAGE","TOT","USD","A","2001",38086.0239664283,
"SWE","AVWAGE","TOT","USD","A","2002",38587.1431853424,
"SWE","AVWAGE","TOT","USD","A","2003",38908.1938581604,
"SWE","AVWAGE","TOT","USD","A","2004",40203.8422971098,
"SWE","AVWAGE","TOT","USD","A","2005",41216.485544639,
"SWE","AVWAGE","TOT","USD","A","2006",42366,
"SWE","AVWAGE","TOT","USD","A","2007",43779,
"SWE","AVWAGE","TOT","USD","A","2008",44635,
"SWE","AVWAGE","TOT","USD","A","2009",44790,
"SWE","AVWAGE","TOT","USD","A","2010",45337,
"SWE","AVWAGE","TOT","USD","A","2011",46020,
"SWE","AVWAGE","TOT","USD","A","2012",46993,
"SWE","AVWAGE","TOT","USD","A","2013",47506,
"SWE","AVWAGE","TOT","USD","A","2014",48043,
"SWE","AVWAGE","TOT","USD","A","2015",48770,
"SWE","AVWAGE","TOT","USD","A","2016",49535,
"SWE","AVWAGE","TOT","USD","A","2017",49797,
"SWE","AVWAGE","TOT","USD","A","2018",50041,
"SWE","AVWAGE","TOT","USD","A","2019",50559,
"SWE","AVWAGE","TOT","USD","A","2020",51214,
"SWE","AVWAGE","TOT","USD","A","2021",51928.975473868,
"SWE","AVWAGE","TOT","USD","A","2022",50406.8307417441,
"CHE","AVWAGE","TOT","USD","A","1991",56464.6252645637,
"CHE","AVWAGE","TOT","USD","A","1992",56948.8043189322,
"CHE","AVWAGE","TOT","USD","A","1993",57572.4593793884,
"CHE","AVWAGE","TOT","USD","A","1994",58283.2104924746,
"CHE","AVWAGE","TOT","USD","A","1995",58316,
"CHE","AVWAGE","TOT","USD","A","1996",57610.9163833236,
"CHE","AVWAGE","TOT","USD","A","1997",58645.7856884014,
"CHE","AVWAGE","TOT","USD","A","1998",58814.0643868852,
"CHE","AVWAGE","TOT","USD","A","1999",59892.0756353912,
"CHE","AVWAGE","TOT","USD","A","2000",60767.7071013052,
"CHE","AVWAGE","TOT","USD","A","2001",64157.5199646229,
"CHE","AVWAGE","TOT","USD","A","2002",65448.0160357358,
"CHE","AVWAGE","TOT","USD","A","2003",65111.6354000731,
"CHE","AVWAGE","TOT","USD","A","2004",64650.6819829416,
"CHE","AVWAGE","TOT","USD","A","2005",65657.7464506489,
"CHE","AVWAGE","TOT","USD","A","2006",65847,
"CHE","AVWAGE","TOT","USD","A","2007",66634,
"CHE","AVWAGE","TOT","USD","A","2008",66983,
"CHE","AVWAGE","TOT","USD","A","2009",68319,
"CHE","AVWAGE","TOT","USD","A","2010",67961,
"CHE","AVWAGE","TOT","USD","A","2011",68401,
"CHE","AVWAGE","TOT","USD","A","2012",69383,
"CHE","AVWAGE","TOT","USD","A","2013",70280,
"CHE","AVWAGE","TOT","USD","A","2014",70412,
"CHE","AVWAGE","TOT","USD","A","2015",70797,
"CHE","AVWAGE","TOT","USD","A","2016",70468,
"CHE","AVWAGE","TOT","USD","A","2017",70087,
"CHE","AVWAGE","TOT","USD","A","2018",69892,
"CHE","AVWAGE","TOT","USD","A","2019",71189,
"CHE","AVWAGE","TOT","USD","A","2020",69728,
"CHE","AVWAGE","TOT","USD","A","2021",72358.4396707178,
"CHE","AVWAGE","TOT","USD","A","2022",72993.0243352433,
"GBR","AVWAGE","TOT","USD","A","1991",36982.9136260986,
"GBR","AVWAGE","TOT","USD","A","1992",37721.3554520415,
"GBR","AVWAGE","TOT","USD","A","1993",38323.5296419673,
"GBR","AVWAGE","TOT","USD","A","1994",38989.3450197479,
"GBR","AVWAGE","TOT","USD","A","1995",38995,
"GBR","AVWAGE","TOT","USD","A","1996",38948.9742789404,
"GBR","AVWAGE","TOT","USD","A","1997",40373.2137242484,
"GBR","AVWAGE","TOT","USD","A","1998",40920.7347410214,
"GBR","AVWAGE","TOT","USD","A","1999",42984.9070911157,
"GBR","AVWAGE","TOT","USD","A","2000",44967.0915412984,
"GBR","AVWAGE","TOT","USD","A","2001",46885.6374769665,
"GBR","AVWAGE","TOT","USD","A","2002",47505.0791040242,
"GBR","AVWAGE","TOT","USD","A","2003",49042.4290787212,
"GBR","AVWAGE","TOT","USD","A","2004",50561.3262376614,
"GBR","AVWAGE","TOT","USD","A","2005",50067.2515234925,
"GBR","AVWAGE","TOT","USD","A","2006",51890,
"GBR","AVWAGE","TOT","USD","A","2007",53926,
"GBR","AVWAGE","TOT","USD","A","2008",52475,
"GBR","AVWAGE","TOT","USD","A","2009",52346,
"GBR","AVWAGE","TOT","USD","A","2010",52455,
"GBR","AVWAGE","TOT","USD","A","2011",51497,
"GBR","AVWAGE","TOT","USD","A","2012",51070,
"GBR","AVWAGE","TOT","USD","A","2013",51594,
"GBR","AVWAGE","TOT","USD","A","2014",51816,
"GBR","AVWAGE","TOT","USD","A","2015",52549,
"GBR","AVWAGE","TOT","USD","A","2016",53156,
"GBR","AVWAGE","TOT","USD","A","2017",53471,
"GBR","AVWAGE","TOT","USD","A","2018",53950,
"GBR","AVWAGE","TOT","USD","A","2019",54703,
"GBR","AVWAGE","TOT","USD","A","2020",53612,
"GBR","AVWAGE","TOT","USD","A","2021",54762.303325297,
"GBR","AVWAGE","TOT","USD","A","2022",53985.0604733962,
"USA","AVWAGE","TOT","USD","A","1991",52224.4237931313,
"USA","AVWAGE","TOT","USD","A","1992",53434.8390382302,
"USA","AVWAGE","TOT","USD","A","1993",53133.7567900659,
"USA","AVWAGE","TOT","USD","A","1994",52930.6401770043,
"USA","AVWAGE","TOT","USD","A","1995",53231,
"USA","AVWAGE","TOT","USD","A","1996",54009.3671068034,
"USA","AVWAGE","TOT","USD","A","1997",55357.4737805542,
"USA","AVWAGE","TOT","USD","A","1998",57637.0427831556,
"USA","AVWAGE","TOT","USD","A","1999",59155.7421749748,
"USA","AVWAGE","TOT","USD","A","2000",61131.5991879978,
"USA","AVWAGE","TOT","USD","A","2001",61601.2441966738,
"USA","AVWAGE","TOT","USD","A","2002",62096.6251177735,
"USA","AVWAGE","TOT","USD","A","2003",62764.1024317111,
"USA","AVWAGE","TOT","USD","A","2004",63927.4058206756,
"USA","AVWAGE","TOT","USD","A","2005",63987.3191636395,
"USA","AVWAGE","TOT","USD","A","2006",64945,
"USA","AVWAGE","TOT","USD","A","2007",66174,
"USA","AVWAGE","TOT","USD","A","2008",66011,
"USA","AVWAGE","TOT","USD","A","2009",66673,
"USA","AVWAGE","TOT","USD","A","2010",67263,
"USA","AVWAGE","TOT","USD","A","2011",67353,
"USA","AVWAGE","TOT","USD","A","2012",67928,
"USA","AVWAGE","TOT","USD","A","2013",67604,
"USA","AVWAGE","TOT","USD","A","2014",68591,
"USA","AVWAGE","TOT","USD","A","2015",70320,
"USA","AVWAGE","TOT","USD","A","2016",70446,
"USA","AVWAGE","TOT","USD","A","2017",71157,
"USA","AVWAGE","TOT","USD","A","2018",71937,
"USA","AVWAGE","TOT","USD","A","2019",73194,
"USA","AVWAGE","TOT","USD","A","2020",77567,
"USA","AVWAGE","TOT","USD","A","2021",78894.280607394,
"USA","AVWAGE","TOT","USD","A","2022",77463.4730245547,
"EST","AVWAGE","TOT","USD","A","1991",10671.3012112055,
"EST","AVWAGE","TOT","USD","A","1992",10671.3012112055,
"EST","AVWAGE","TOT","USD","A","1993",10671.3012112055,
"EST","AVWAGE","TOT","USD","A","1994",10671.3012112055,
"EST","AVWAGE","TOT","USD","A","1995",10186,
"EST","AVWAGE","TOT","USD","A","1996",10838.1982116394,
"EST","AVWAGE","TOT","USD","A","1997",11838.4147296476,
"EST","AVWAGE","TOT","USD","A","1998",12637.1418221907,
"EST","AVWAGE","TOT","USD","A","1999",13189.7029181938,
"EST","AVWAGE","TOT","USD","A","2000",14253.9989610863,
"EST","AVWAGE","TOT","USD","A","2001",14756.028021818,
"EST","AVWAGE","TOT","USD","A","2002",15621.9883688403,
"EST","AVWAGE","TOT","USD","A","2003",17131.0628228728,
"EST","AVWAGE","TOT","USD","A","2004",18486.6409697089,
"EST","AVWAGE","TOT","USD","A","2005",19715.3330989997,
"EST","AVWAGE","TOT","USD","A","2006",21504,
"EST","AVWAGE","TOT","USD","A","2007",25012,
"EST","AVWAGE","TOT","USD","A","2008",25382,
"EST","AVWAGE","TOT","USD","A","2009",24704,
"EST","AVWAGE","TOT","USD","A","2010",24461,
"EST","AVWAGE","TOT","USD","A","2011",23907,
"EST","AVWAGE","TOT","USD","A","2012",24256,
"EST","AVWAGE","TOT","USD","A","2013",24859,
"EST","AVWAGE","TOT","USD","A","2014",26232,
"EST","AVWAGE","TOT","USD","A","2015",27434,
"EST","AVWAGE","TOT","USD","A","2016",28837,
"EST","AVWAGE","TOT","USD","A","2017",29500,
"EST","AVWAGE","TOT","USD","A","2018",31391,
"EST","AVWAGE","TOT","USD","A","2019",33006,
"EST","AVWAGE","TOT","USD","A","2020",35128,
"EST","AVWAGE","TOT","USD","A","2021",37317.8229724108,
"EST","AVWAGE","TOT","USD","A","2022",34704.5715238033,
"ISR","AVWAGE","TOT","USD","A","1995",30896,
"ISR","AVWAGE","TOT","USD","A","1996",33565.3578312234,
"ISR","AVWAGE","TOT","USD","A","1997",34604.638200669,
"ISR","AVWAGE","TOT","USD","A","1998",35944.7197098266,
"ISR","AVWAGE","TOT","USD","A","1999",36578.6182510483,
"ISR","AVWAGE","TOT","USD","A","2000",37781.7249640523,
"ISR","AVWAGE","TOT","USD","A","2001",38369.970073471,
"ISR","AVWAGE","TOT","USD","A","2002",36922.7009441443,
"ISR","AVWAGE","TOT","USD","A","2003",35655.6494770918,
"ISR","AVWAGE","TOT","USD","A","2004",35106.8526294072,
"ISR","AVWAGE","TOT","USD","A","2005",35173.8955719939,
"ISR","AVWAGE","TOT","USD","A","2006",36161,
"ISR","AVWAGE","TOT","USD","A","2007",36502,
"ISR","AVWAGE","TOT","USD","A","2008",35979,
"ISR","AVWAGE","TOT","USD","A","2009",34890,
"ISR","AVWAGE","TOT","USD","A","2010",34993,
"ISR","AVWAGE","TOT","USD","A","2011",35189,
"ISR","AVWAGE","TOT","USD","A","2012",35792,
"ISR","AVWAGE","TOT","USD","A","2013",35900,
"ISR","AVWAGE","TOT","USD","A","2014",36112,
"ISR","AVWAGE","TOT","USD","A","2015",37213,
"ISR","AVWAGE","TOT","USD","A","2016",38698,
"ISR","AVWAGE","TOT","USD","A","2017",39898,
"ISR","AVWAGE","TOT","USD","A","2018",41059,
"ISR","AVWAGE","TOT","USD","A","2019",41964,
"ISR","AVWAGE","TOT","USD","A","2020",42130,
"ISR","AVWAGE","TOT","USD","A","2021",44338.8688693076,
"ISR","AVWAGE","TOT","USD","A","2022",44155.9454178794,
"SVN","AVWAGE","TOT","USD","A","1995",28385,
"SVN","AVWAGE","TOT","USD","A","1996",29779.7037525963,
"SVN","AVWAGE","TOT","USD","A","1997",31404.4207554124,
"SVN","AVWAGE","TOT","USD","A","1998",31791.9628509515,
"SVN","AVWAGE","TOT","USD","A","1999",32379.3705161439,
"SVN","AVWAGE","TOT","USD","A","2000",33203.2334923921,
"SVN","AVWAGE","TOT","USD","A","2001",34558.4228900855,
"SVN","AVWAGE","TOT","USD","A","2002",34648.4383115769,
"SVN","AVWAGE","TOT","USD","A","2003",35375.7068483994,
"SVN","AVWAGE","TOT","USD","A","2004",37099.9518861072,
"SVN","AVWAGE","TOT","USD","A","2005",38510.0830732,
"SVN","AVWAGE","TOT","USD","A","2006",39774,
"SVN","AVWAGE","TOT","USD","A","2007",40657,
"SVN","AVWAGE","TOT","USD","A","2008",41272,
"SVN","AVWAGE","TOT","USD","A","2009",41676,
"SVN","AVWAGE","TOT","USD","A","2010",42846,
"SVN","AVWAGE","TOT","USD","A","2011",42725,
"SVN","AVWAGE","TOT","USD","A","2012",41437,
"SVN","AVWAGE","TOT","USD","A","2013",40760,
"SVN","AVWAGE","TOT","USD","A","2014",41576,
"SVN","AVWAGE","TOT","USD","A","2015",42482,
"SVN","AVWAGE","TOT","USD","A","2016",44095,
"SVN","AVWAGE","TOT","USD","A","2017",44894,
"SVN","AVWAGE","TOT","USD","A","2018",45702,
"SVN","AVWAGE","TOT","USD","A","2019",47050,
"SVN","AVWAGE","TOT","USD","A","2020",48605,
"SVN","AVWAGE","TOT","USD","A","2021",50466.6879441415,
"SVN","AVWAGE","TOT","USD","A","2022",47203.6274349093,
"OECD","AVWAGE","TOT","USD","A","1991",40312.0788302247,
"OECD","AVWAGE","TOT","USD","A","1992",41100.9543601141,
"OECD","AVWAGE","TOT","USD","A","1993",41162.5417194467,
"OECD","AVWAGE","TOT","USD","A","1994",41288.9193250155,
"OECD","AVWAGE","TOT","USD","A","1995",41424,
"OECD","AVWAGE","TOT","USD","A","1996",41850.8826679115,
"OECD","AVWAGE","TOT","USD","A","1997",42591.9222788892,
"OECD","AVWAGE","TOT","USD","A","1998",43558.0868355759,
"OECD","AVWAGE","TOT","USD","A","1999",44574.0091379444,
"OECD","AVWAGE","TOT","USD","A","2000",45489.4933493597,
"OECD","AVWAGE","TOT","USD","A","2001",45984.7167448799,
"OECD","AVWAGE","TOT","USD","A","2002",46124.7618588575,
"OECD","AVWAGE","TOT","USD","A","2003",46513.0536953501,
"OECD","AVWAGE","TOT","USD","A","2004",47165.3564536903,
"OECD","AVWAGE","TOT","USD","A","2005",47448.8889271197,
"OECD","AVWAGE","TOT","USD","A","2006",47905,
"OECD","AVWAGE","TOT","USD","A","2007",48521,
"OECD","AVWAGE","TOT","USD","A","2008",48466,
"OECD","AVWAGE","TOT","USD","A","2009",48764,
"OECD","AVWAGE","TOT","USD","A","2010",48881,
"OECD","AVWAGE","TOT","USD","A","2011",49011,
"OECD","AVWAGE","TOT","USD","A","2012",49003,
"OECD","AVWAGE","TOT","USD","A","2013",49137,
"OECD","AVWAGE","TOT","USD","A","2014",49509,
"OECD","AVWAGE","TOT","USD","A","2015",50336,
"OECD","AVWAGE","TOT","USD","A","2016",50781,
"OECD","AVWAGE","TOT","USD","A","2017",51154,
"OECD","AVWAGE","TOT","USD","A","2018",51768,
"OECD","AVWAGE","TOT","USD","A","2019",52654,
"OECD","AVWAGE","TOT","USD","A","2020",53448,
"OECD","AVWAGE","TOT","USD","A","2021",54257.5955364606,
"OECD","AVWAGE","TOT","USD","A","2022",53415.8435243834,
"ISL","AVWAGE","TOT","USD","A","1991",46610.2836199708,
"ISL","AVWAGE","TOT","USD","A","1992",44994.3457102409,
"ISL","AVWAGE","TOT","USD","A","1993",42616.1169616421,
"ISL","AVWAGE","TOT","USD","A","1994",43473.9206281312,
"ISL","AVWAGE","TOT","USD","A","1995",44521,
"ISL","AVWAGE","TOT","USD","A","1996",45932.1431727219,
"ISL","AVWAGE","TOT","USD","A","1997",47880.3143403956,
"ISL","AVWAGE","TOT","USD","A","1998",52841.0559200505,
"ISL","AVWAGE","TOT","USD","A","1999",55312.6290642168,
"ISL","AVWAGE","TOT","USD","A","2000",57007.8951731124,
"ISL","AVWAGE","TOT","USD","A","2001",56571.300312196,
"ISL","AVWAGE","TOT","USD","A","2002",58197.0904765274,
"ISL","AVWAGE","TOT","USD","A","2003",56719.1193300083,
"ISL","AVWAGE","TOT","USD","A","2004",60144.3890443583,
"ISL","AVWAGE","TOT","USD","A","2005",64809.4549396639,
"ISL","AVWAGE","TOT","USD","A","2006",68219,
"ISL","AVWAGE","TOT","USD","A","2007",70267,
"ISL","AVWAGE","TOT","USD","A","2008",62292,
"ISL","AVWAGE","TOT","USD","A","2009",52694,
"ISL","AVWAGE","TOT","USD","A","2010",54268,
"ISL","AVWAGE","TOT","USD","A","2011",56570,
"ISL","AVWAGE","TOT","USD","A","2012",56277,
"ISL","AVWAGE","TOT","USD","A","2013",57135,
"ISL","AVWAGE","TOT","USD","A","2014",57946,
"ISL","AVWAGE","TOT","USD","A","2015",61777,
"ISL","AVWAGE","TOT","USD","A","2016",68732,
"ISL","AVWAGE","TOT","USD","A","2017",75287,
"ISL","AVWAGE","TOT","USD","A","2018",79476,
"ISL","AVWAGE","TOT","USD","A","2019",76444,
"ISL","AVWAGE","TOT","USD","A","2020",71687,
"ISL","AVWAGE","TOT","USD","A","2021",74654.5195183111,
"ISL","AVWAGE","TOT","USD","A","2022",79473.3592943684,
"NZL","AVWAGE","TOT","USD","A","1991",32951.4143710611,
"NZL","AVWAGE","TOT","USD","A","1992",34407.171337291,
"NZL","AVWAGE","TOT","USD","A","1993",35296.8926517571,
"NZL","AVWAGE","TOT","USD","A","1994",35919.8727108115,
"NZL","AVWAGE","TOT","USD","A","1995",35759,
"NZL","AVWAGE","TOT","USD","A","1996",36347.0971221824,
"NZL","AVWAGE","TOT","USD","A","1997",37379.9433961294,
"NZL","AVWAGE","TOT","USD","A","1998",36766.0249442613,
"NZL","AVWAGE","TOT","USD","A","1999",36307.9567786027,
"NZL","AVWAGE","TOT","USD","A","2000",36451.9332869269,
"NZL","AVWAGE","TOT","USD","A","2001",37143.5850024251,
"NZL","AVWAGE","TOT","USD","A","2002",37829.944950201,
"NZL","AVWAGE","TOT","USD","A","2003",39232.6746922598,
"NZL","AVWAGE","TOT","USD","A","2004",40606.5085802485,
"NZL","AVWAGE","TOT","USD","A","2005",41292.8525571237,
"NZL","AVWAGE","TOT","USD","A","2006",41548,
"NZL","AVWAGE","TOT","USD","A","2007",43973,
"NZL","AVWAGE","TOT","USD","A","2008",43463,
"NZL","AVWAGE","TOT","USD","A","2009",43994,
"NZL","AVWAGE","TOT","USD","A","2010",44476,
"NZL","AVWAGE","TOT","USD","A","2011",44442,
"NZL","AVWAGE","TOT","USD","A","2012",45402,
"NZL","AVWAGE","TOT","USD","A","2013",44794,
"NZL","AVWAGE","TOT","USD","A","2014",44969,
"NZL","AVWAGE","TOT","USD","A","2015",45779,
"NZL","AVWAGE","TOT","USD","A","2016",47269,
"NZL","AVWAGE","TOT","USD","A","2017",47594,
"NZL","AVWAGE","TOT","USD","A","2018",48784,
"NZL","AVWAGE","TOT","USD","A","2019",50211,
"NZL","AVWAGE","TOT","USD","A","2020",51417,
"NZL","AVWAGE","TOT","USD","A","2021",51877.3367043711,
"NZL","AVWAGE","TOT","USD","A","2022",50722.4543013716,
"CHL","AVWAGE","TOT","USD","A","1995",17383,
"CHL","AVWAGE","TOT","USD","A","1996",17383.3611751847,
"CHL","AVWAGE","TOT","USD","A","1997",18600.4342546912,
"CHL","AVWAGE","TOT","USD","A","1998",19515.2073858431,
"CHL","AVWAGE","TOT","USD","A","1999",20533.3614952805,
"CHL","AVWAGE","TOT","USD","A","2000",20514.9086069056,
"CHL","AVWAGE","TOT","USD","A","2001",21090.0060113091,
"CHL","AVWAGE","TOT","USD","A","2002",21378.5117508051,
"CHL","AVWAGE","TOT","USD","A","2003",21710.7019802697,
"CHL","AVWAGE","TOT","USD","A","2004",21258.8105437339,
"CHL","AVWAGE","TOT","USD","A","2005",21069.0686210518,
"CHL","AVWAGE","TOT","USD","A","2006",21589,
"CHL","AVWAGE","TOT","USD","A","2007",22100,
"CHL","AVWAGE","TOT","USD","A","2008",22505,
"CHL","AVWAGE","TOT","USD","A","2009",24588,
"CHL","AVWAGE","TOT","USD","A","2010",27871,
"CHL","AVWAGE","TOT","USD","A","2011",28639,
"CHL","AVWAGE","TOT","USD","A","2012",29661,
"CHL","AVWAGE","TOT","USD","A","2013",30530,
"CHL","AVWAGE","TOT","USD","A","2014",30657,
"CHL","AVWAGE","TOT","USD","A","2015",30615,
"CHL","AVWAGE","TOT","USD","A","2016",31834,
"CHL","AVWAGE","TOT","USD","A","2017",30847,
"CHL","AVWAGE","TOT","USD","A","2018",32348,
"CHL","AVWAGE","TOT","USD","A","2019",33190,
"CHL","AVWAGE","TOT","USD","A","2020",31369,
"CHL","AVWAGE","TOT","USD","A","2021",33042.3321032483,
"LVA","AVWAGE","TOT","USD","A","1995",11340,
"LVA","AVWAGE","TOT","USD","A","1996",11340.2036311277,
"LVA","AVWAGE","TOT","USD","A","1997",11875.0016501753,
"LVA","AVWAGE","TOT","USD","A","1998",12234.5245222342,
"LVA","AVWAGE","TOT","USD","A","1999",12738.3870069854,
"LVA","AVWAGE","TOT","USD","A","2000",13406.7065256231,
"LVA","AVWAGE","TOT","USD","A","2001",13843.7914212632,
"LVA","AVWAGE","TOT","USD","A","2002",13420.2376093544,
"LVA","AVWAGE","TOT","USD","A","2003",14380.6669326338,
"LVA","AVWAGE","TOT","USD","A","2004",15634.0932327824,
"LVA","AVWAGE","TOT","USD","A","2005",18183.978024747,
"LVA","AVWAGE","TOT","USD","A","2006",20051,
"LVA","AVWAGE","TOT","USD","A","2007",24721,
"LVA","AVWAGE","TOT","USD","A","2008",25508,
"LVA","AVWAGE","TOT","USD","A","2009",23031,
"LVA","AVWAGE","TOT","USD","A","2010",22140,
"LVA","AVWAGE","TOT","USD","A","2011",21373,
"LVA","AVWAGE","TOT","USD","A","2012",22240,
"LVA","AVWAGE","TOT","USD","A","2013",23301,
"LVA","AVWAGE","TOT","USD","A","2014",24864,
"LVA","AVWAGE","TOT","USD","A","2015",26944,
"LVA","AVWAGE","TOT","USD","A","2016",28523,
"LVA","AVWAGE","TOT","USD","A","2017",29546,
"LVA","AVWAGE","TOT","USD","A","2018",30640,
"LVA","AVWAGE","TOT","USD","A","2019",31972,
"LVA","AVWAGE","TOT","USD","A","2020",33199,
"LVA","AVWAGE","TOT","USD","A","2021",35923.0630482097,
"LVA","AVWAGE","TOT","USD","A","2022",34136.1548723268,
"LTU","AVWAGE","TOT","USD","A","1995",12117,
"LTU","AVWAGE","TOT","USD","A","1996",13516.2335258381,
"LTU","AVWAGE","TOT","USD","A","1997",14934.6157939284,
"LTU","AVWAGE","TOT","USD","A","1998",16311.0354328698,
"LTU","AVWAGE","TOT","USD","A","1999",17032.2314578173,
"LTU","AVWAGE","TOT","USD","A","2000",17102.376015679,
"LTU","AVWAGE","TOT","USD","A","2001",18055.463684681,
"LTU","AVWAGE","TOT","USD","A","2002",19273.9633954733,
"LTU","AVWAGE","TOT","USD","A","2003",21352.4689332677,
"LTU","AVWAGE","TOT","USD","A","2004",23693.9421983573,
"LTU","AVWAGE","TOT","USD","A","2005",26174.7583218209,
"LTU","AVWAGE","TOT","USD","A","2006",29975,
"LTU","AVWAGE","TOT","USD","A","2007",31929,
"LTU","AVWAGE","TOT","USD","A","2008",32512,
"LTU","AVWAGE","TOT","USD","A","2009",28233,
"LTU","AVWAGE","TOT","USD","A","2010",28340,
"LTU","AVWAGE","TOT","USD","A","2011",28918,
"LTU","AVWAGE","TOT","USD","A","2012",29401,
"LTU","AVWAGE","TOT","USD","A","2013",30515,
"LTU","AVWAGE","TOT","USD","A","2014",31902,
"LTU","AVWAGE","TOT","USD","A","2015",33989,
"LTU","AVWAGE","TOT","USD","A","2016",35752,
"LTU","AVWAGE","TOT","USD","A","2017",37766,
"LTU","AVWAGE","TOT","USD","A","2018",39524,
"LTU","AVWAGE","TOT","USD","A","2019",42041,
"LTU","AVWAGE","TOT","USD","A","2020",44228,
"LTU","AVWAGE","TOT","USD","A","2021",47035.4439005045,
"LTU","AVWAGE","TOT","USD","A","2022",43874.581550348,
"TUR","AVWAGE","TOT","USD","A","1995",21432,
"TUR","AVWAGE","TOT","USD","A","2006",21432,
"TUR","AVWAGE","TOT","USD","A","2007",22170,
"TUR","AVWAGE","TOT","USD","A","2008",22042,
"TUR","AVWAGE","TOT","USD","A","2009",22292,
"TUR","AVWAGE","TOT","USD","A","2010",22847,
"TUR","AVWAGE","TOT","USD","A","2011",23216,
"TUR","AVWAGE","TOT","USD","A","2012",24153,
"TUR","AVWAGE","TOT","USD","A","2013",25265,
"TUR","AVWAGE","TOT","USD","A","2014",26127,
"TUR","AVWAGE","TOT","USD","A","2015",26786,
"TUR","AVWAGE","TOT","USD","A","2016",30081,
"TUR","AVWAGE","TOT","USD","A","2017",29515,
"TUR","AVWAGE","TOT","USD","A","2018",30041,
"TUR","AVWAGE","TOT","USD","A","2019",31927,
"TUR","AVWAGE","TOT","USD","A","2020",31761,
"COL","AVWAGE","TOT","USD","A","1995",16614,
"COL","AVWAGE","TOT","USD","A","2005",16614.182680813,
"COL","AVWAGE","TOT","USD","A","2006",16958,
"COL","AVWAGE","TOT","USD","A","2007",16848,
"COL","AVWAGE","TOT","USD","A","2008",18496,
"COL","AVWAGE","TOT","USD","A","2009",19172,
"COL","AVWAGE","TOT","USD","A","2010",19800,
"COL","AVWAGE","TOT","USD","A","2011",19693,
"COL","AVWAGE","TOT","USD","A","2012",20172,
"COL","AVWAGE","TOT","USD","A","2013",20588,
"COL","AVWAGE","TOT","USD","A","2014",20602,
"COL","AVWAGE","TOT","USD","A","2015",20685,
"COL","AVWAGE","TOT","USD","A","2016",20488,
"COL","AVWAGE","TOT","USD","A","2017",21020,
"COL","AVWAGE","TOT","USD","A","2018",21821,
"COL","AVWAGE","TOT","USD","A","2019",21751,
"COL","AVWAGE","TOT","USD","A","2020",24681,
"COL","AVWAGE","TOT","USD","A","2021",22248.491555719,
"CRI","AVWAGE","TOT","USD","A","1991",12784.297574998,
"CRI","AVWAGE","TOT","USD","A","1992",13114.4640062442,
"CRI","AVWAGE","TOT","USD","A","1993",13999.4385019019,
"CRI","AVWAGE","TOT","USD","A","1994",16987.2905137985,
"CRI","AVWAGE","TOT","USD","A","1995",16716,
"CRI","AVWAGE","TOT","USD","A","1996",16870.6148698035,
"CRI","AVWAGE","TOT","USD","A","1997",16856.2202389535,
"CRI","AVWAGE","TOT","USD","A","1998",17093.3904802522,
"CRI","AVWAGE","TOT","USD","A","1999",17857.0431091067,
"CRI","AVWAGE","TOT","USD","A","2000",18159.5106498901,
"CRI","AVWAGE","TOT","USD","A","2001",18658.4303309476,
"CRI","AVWAGE","TOT","USD","A","2002",18844.7087462418,
"CRI","AVWAGE","TOT","USD","A","2003",18244.2030367978,
"CRI","AVWAGE","TOT","USD","A","2004",18298.3531408796,
"CRI","AVWAGE","TOT","USD","A","2005",16702.9873563448,
"CRI","AVWAGE","TOT","USD","A","2006",17300,
"CRI","AVWAGE","TOT","USD","A","2007",17069,
"CRI","AVWAGE","TOT","USD","A","2008",17725,
"CRI","AVWAGE","TOT","USD","A","2009",20177,
"CRI","AVWAGE","TOT","USD","A","2010",21062,
"CRI","AVWAGE","TOT","USD","A","2011",22174,
"CRI","AVWAGE","TOT","USD","A","2012",22579,
"CRI","AVWAGE","TOT","USD","A","2013",24442,
"CRI","AVWAGE","TOT","USD","A","2014",24510,
"CRI","AVWAGE","TOT","USD","A","2015",26186,
"CRI","AVWAGE","TOT","USD","A","2016",27364,
"CRI","AVWAGE","TOT","USD","A","2017",27020,
"CRI","AVWAGE","TOT","USD","A","2018",27709,
"CRI","AVWAGE","TOT","USD","A","2019",28524,
"CRI","AVWAGE","TOT","USD","A","2020",31341,
"CRI","AVWAGE","TOT","USD","A","2021",31117.8342634137,
